process_num, iter_num, probability_1, probability_2, probability_3, probability_4, probability_5, is_correct, time,
00001, 00001, 0.001051, 0.003604, 0.889080, 0.081217, 0.025048, 1, 1583360619.173328,
00007, 00007, 0.000008, 0.000233, 0.999198, 0.000409, 0.000151, 1, 1583360619.953413,
00011, 00011, 0.000927, 0.003382, 0.909230, 0.065445, 0.021015, 1, 1583360620.3654532,
00003, 00003, 0.000014, 0.000318, 0.998820, 0.000616, 0.000232, 1, 1583360620.4018486,
