process_num, iter_num, probability
0, 0, 0.9995410442352295,
0, 1, 0.9998176693916321,
0, 2, 0.9998158812522888,
0, 3, 0.9998471736907959,
0, 4, 0.9996991157531738,
0, 5, 0.9998648166656494,
0, 6, 0.8266491889953613,
0, 7, 0.9998431205749512,
