epoch, training_loss, training_acc, test_acc, counterexample_acc, is_new_best,
  0, 0.00719, 0.99798, 0.98700, 0.84211, 1,
  1, 0.08101, 0.97614, 0.20000, 0.00000, 0,
  2, 0.04507, 0.98605, 0.98000, 0.65414, 0,
  3, 0.03739, 0.98880, 0.97200, 0.78947, 0,
  4, 0.03714, 0.98862, 0.96300, 0.63910, 0,
  5, 0.02968, 0.99137, 0.95367, 0.73684, 0,
