process_num, iter_num, probability_1, probability_2, probability_3, probability_4, probability_5, is_correct, time,
00000, 00000, 0.000005, 0.000051, 0.999630, 0.000245, 0.000069, 1, 1575408240.5141377,
00000, 00001, 0.000005, 0.000050, 0.999622, 0.000252, 0.000071, 1, 1575408244.9986386,
00000, 00002, 0.000005, 0.000051, 0.999606, 0.000264, 0.000074, 1, 1575408250.0471523,
00000, 00003, 0.000005, 0.000050, 0.999716, 0.000179, 0.000050, 1, 1575408254.7797294,
00000, 00004, 0.000005, 0.000050, 0.999628, 0.000247, 0.000069, 1, 1575408259.1352122,
00000, 00005, 0.000005, 0.000050, 0.999720, 0.000176, 0.000049, 1, 1575408263.8498013,
00000, 00006, 0.000004, 0.000051, 0.999738, 0.000162, 0.000045, 1, 1575408268.83596,
